title,paper_url,pdf_url,code_url,category,Body,Applications,Machine Learning,authors,abstract,status,error
CAG-WM: A Synthetic-Data-Driven Coronary World Model for Autonomous Guidewire Navigation,https://papers.miccai.org/miccai-2026/0138-Paper4072.html,https://papers.miccai.org/miccai-2026/paper/4072_paper.pdf,https://github.com/CaoYue2004/CAG-WM,dataset/benchmark,Cardiac,Medical Robotics,,"Cao, Yue | Zhang, Zhuo | Peng, Xiaoshan | Lan, Guipeng | Xiao, Shuai | Yang, Jiachen","Automated guidewire navigation in percutaneous coronary intervention can reduce radiation exposure and clinician workload. However, existing methods suffer from low sample efficiency and struggle with long-horizon guidewire navigation. World models offer a promising solution, but scarce paired angiographic-3D data leaves end-to-end world model approaches unexplored. To address these challenges, we propose CAG-WM, the first synthetic-data-driven world model for autonomous coronary guidewire navigation. Specifically, we construct dynamic synthetic coronary angiography–3D data and train a world model within a SOFA-based simulation environment to learn vessel–guidewire dynamics and perform internal multi-step rollouts for long-horizon navigation. CAG-WM is trained on 100 synthetic cases with full-view angiographic renderings and corresponding 3D voxelized coronary models, and evaluated on 20 multi-center clinical cases and 10 public datasets. Experimental results show that CAG-WM achieves a success rate exceeding 80% in clinical cases, significantly outperforming competing methods. Even in unsuccessful cases, the guidewire remains close to target lesion. Despite slightly longer per-step inference time, CAG-WM achieves the shortest total navigation time (about 2 min) thanks to its higher success rate, which reduces premature termination at the maximum step limit. Code and data is available at: https://anonymous.4open.science/r/CAG-WM-FEA0.",ok,
EdgeCVS: Democratization of surgical AI with a Distilled Edge-Deployable Critical View of Safety (CVS) model,https://papers.miccai.org/miccai-2026/0337-Paper1745.html,https://papers.miccai.org/miccai-2026/paper/1745_paper.pdf,https://github.com/IMSY-DKFZ/edgecvs,other,Abdomen,Computer-Aided Diagnosis,Deep Learning; Fairness / Safety / Reliability; Semi- / Weakly- / Self-supervised Learning,"Yamlahi, Amine | Hennighausen, Jakob | Hansen, Pascal | Leeb, David | Maier-Hein, Lena","Critical View of Safety (CVS) assessment has become a central safeguard against bile duct injury during laparoscopic cholecystectomy (LC). Current deep learning-based solutions achieve strong performance but rely on massive backbone architectures (up to >1B parameters) that hinder real-world deployment, specifically in resource-constrained operating rooms. We challenge the assumption that such scale is necessary. Because CVS assessment is confined to a specific surgical phase and anatomical region, its visual representation occupies a compact, low-dimensional manifold. Guided by the hypothesis that this reduced semantic dispersion enables substantial model compression without sacrificing accuracy, we introduce EdgeCVS, a phase-gated distillation framework that compresses a high-capacity teacher into a 5M-parameter edge-efficient student. By incorporating anatomical spatial priors and phase-gated pseudo-labels, the compact model recovers complex decision boundaries. EdgeCVS achieves mAP close to the most recent state-of-the-art models while reducing the parameter count to 1.5%, enabling real-time inference (40 FPS) on standard CPUs.",ok,
Robotic Ultrasound Makes CBCT Alive,https://papers.miccai.org/miccai-2026/0901-Paper5031.html,https://papers.miccai.org/miccai-2026/paper/5031_paper.pdf,https://github.com/ziyuan-li/robotic-us-cbct-updating,other,Whole-body / Multi-organ / Other,Image-Guided Interventions; Medical Robotics,,"Li, Feng | Li, Ziyuan | Jiang, Zhongliang | Navab, Nassir | Bi, Yuan","Intraoperative Cone Beam Computed Tomography (CBCT) provides a reliable 3D anatomical context essential for interventional planning. However, its static nature fails to provide continuous monitoring of soft-tissue deformations induced by respiration, probe pressure, and surgical manipulation, leading to navigation discrepancies. We propose a deformation-aware CBCT updating framework that leverages robotic ultrasound as a dynamic proxy to infer tissue motion and update static CBCT slices in real time. Starting from calibration-initialized alignment with linear correlation of linear combination (LC2)-based rigid refinement, our method establishes accurate multimodal correspondence. To capture intraoperative dynamics, we introduce the ultrasound correlation UNet (USCorUNet), a lightweight network trained with optical flow-guided supervision to learn deformation-aware correlation representations, enabling accurate, real-time dense deformation field estimation from ultrasound streams. The inferred deformation is spatially regularized and transferred to the CBCT reference to produce deformation-consistent visualizations without repeated radiation exposure. We validate the proposed approach through deformation estimation and ultrasound-guided CBCT updating experiments. Results demonstrate real-time end-to-end CBCT slice updating and physically plausible deformation estimation, enabling dynamic refinement of static CBCT guidance during robotic ultrasound-assisted interventions. The source code is publicly available at https://github.com/ziyuan-li/robotic-us-cbct-updating.",ok,
SAW: Toward a Surgical Action World Model via Controllable and Scalable Video Generation,https://papers.miccai.org/miccai-2026/0922-Paper2781.html,https://papers.miccai.org/miccai-2026/paper/2781_paper.pdf,,image synthesis,Abdomen,Digital Twins / Simulation / Synthetic Data; Image Synthesis / Augmentation / Super-Resolution,Foundation Models; Multimodal Models / LLMs / VLMs; Synthetic Data / Data-centric AI,"Rapuri, Sampath | Seenivasan, Lalithkumar | Schneider, Dominik | Soberanis-Mukul, Roger | He, Yufan | Ding, Hao | Xu, Jiru | Yu, Chenhao | Jing, Chenyan | Guo, Pengfei | Xu, Daguang | Unberath, Mathias","A surgical world model capable of generating realistic surgical action videos with precise control over tool-tissue interactions can address fundamental challenges in surgical AI and simulation – from data scarcity and rare event synthesis to bridging the sim-to-real gap for surgical automation. However, current video generation methods, the core of such surgical world models, require expensive annotations or complex structured intermediates as conditioning signals at inference, limiting their scalability. Other approaches exhibit limited temporal consistency across complex laparoscopic scenes and do not possess sufficient realism. We propose Surgical Action World (SAW) – a step toward surgical action world modeling through video diffusion conditioned on four lightweight signals: language prompts encoding tool-action context, a reference surgical scene, tissue affordance mask, and 2D tool-tip trajectories. We design a conditional video diffusion approach that reformulates video-to-video diffusion into trajectory-conditioned surgical action synthesis. The backbone diffusion model is fine-tuned on a custom-curated dataset of 12,044 laparoscopic clips with lightweight spatiotemporal conditioning signals, leveraging a depth consistency loss to enforce geometric plausibility without requiring depth at inference. SAW achieves state-of-the-art temporal consistency (CD-FVD: 199.19 vs. 546.82) and strong visual quality on held-out test data. Furthermore, we demonstrate its downstream utility for (a) surgical AI, where augmenting rare actions with SAW-generated videos improves action recognition (clipping F1-score: 20.93% to 43.14%; cutting: 0.00% to 8.33%) on real test data, and (b) surgical simulation, where rendering tool-tissue interaction videos from simulator-derived trajectory points toward a visually faithful simulation engine.",ok,
SMART-KNEE: Sparse-Morphology Based Anatomical Reconstruction Using Topology-Aware Networks for Imageless Total Knee Arthroplasty,https://papers.miccai.org/miccai-2026/0971-Paper6533.html,https://papers.miccai.org/miccai-2026/paper/6533_paper.pdf,https://github.com/IGRS-Imaging/SMART_KNEE,image synthesis,Musculoskeletal / Orthopedic,Computational Anatomy & Physiology; Image Reconstruction; Image-Guided Interventions,Deep Learning,"Rajasekar, Durga | S, Swetha Lakshmi | M R, Vishnu | Maik, Vivek | Lakshmanan, Manojkumar | Sivaprakasam, Mohanasankar","Imageless Total Knee Arthroplasty (ITKA) requires real- time acquisition of patient-specific anatomical landmarks without pre- operative CT or MRI, posing a significant challenge for intraoperative planning. Despite utilising 3D knee reconstruction algorithms, modern ITKA systems continue to struggle with accurate knee shape estimation and the anatomical axis alignment - both prerequisites for reliable ITKA planning. We present SMART-KNEE, a cascaded anatomy-aware recon- struction framework that generates patient-specific Femoral (F) and Tib- ial(T) bone morphology from a minimal set of intraoperatively collected anatomical landmarks, without preoperative imaging. In the first stage, a Topology-Aware Equivariant Graph Neural Network (EGNN) predicts the complete anatomical landmark set from four intraoperative anchor landmarks, enforcing topological consistency and anatomical plausibility under under E(3)-equivariance (invariance to 3D euclidean transforma- tions). In the second stage, an Anatomy-Aware GAN reconstructs com- plete patient-specific bone surfaces by fusing the EGNN-predicted land- marks with partial intraoperative surface point clouds. SMART-KNEE achieves precise landmark localization error (F: 2.28 mm ± 1.68 mm; T: 1.65 mm ± 0.83 mm). Test cohort surface reconstruction yields Dice F- 87%, T-92.477%, Hausdorff Distance F-5, T-4.3 mm and ground truth generated knee distances of 1.89 mm (F) and 2.87 mm (T), enabling accurate patient-specific morphology retrieval for intraoperative ITKA planning.",ok,
Surgical Anatomy Recognition with Context Learning using Foundation Representations,https://papers.miccai.org/miccai-2026/1012-Paper3502.html,https://papers.miccai.org/miccai-2026/paper/3502_paper.pdf,https://github.com/TimJaspers0801/ATLAS,classification&segmentation,Whole-body / Multi-organ / Other,Image Segmentation,,"de Jong, Ronald L. P. D. | Jaspers, Tim J. M. | Vervoort, Raf A. H. | Bakker, Aron F. H. A. | Li, Yiping | Tolenaar, Jip L. | Ruurda, Jelle P. | Brinkman, Willem M. | Pluim, Josien P. W. | Breeuwer, Marcel | de Geus, Daan | van der Sommen, Fons","Accurate recognition of anatomical structures is essential for safe and effective minimally invasive surgery (MIS), yet it remains underexplored in surgical computer vision due to limited annotated data and methods tailored primarily to natural scenes. In this work, we present a combined dataset and model framework to advance anatomy-aware perception in MIS. First, we introduce ATLAS-120k, a large-scale clip-level semantic segmentation dataset comprising over 120,000 annotated frames from 100 surgical videos spanning 14 procedures and multiple modalities, including laparoscopic and robot-assisted surgery. The dataset captures substantial procedural variability and was created using a scalable annotation pipeline that integrates expert manual labeling, automated propagation, iterative refinement, and surgeon verification to ensure high-quality annotations. Second, we propose ATLAS (Anatomy Recognition with Context Learning using Foundation Representations), a video semantic segmentation model specifically designed for surgical anatomy recognition. Unlike conventional approaches that emphasize object tracking, ATLAS leverages foundation-model embeddings together with lightweight temporal reasoning to incorporate contextual cues such as procedure type, surgical phase, and short-term visual memory. This design enables temporally consistent and accurate predictions while maintaining real-time feasibility. Together, the dataset and model establish a practical foundation for robust surgical scene understanding and support the development of clinically applicable guidance systems for minimally invasive surgery. The models, dataset annotations and annotation platform are publicly available at: https://github.com/TimJaspers0801/ATLAS.",ok,
Trajectory-Aware Cross-Paradigm Transformers for Efficient System Matrix Calibration in Magnetic Particle Imaging,https://papers.miccai.org/miccai-2026/1087-Paper1912.html,https://papers.miccai.org/miccai-2026/paper/1912_paper.pdf,,reconstruction,Whole-body / Multi-organ / Other,Image Reconstruction; Visualization in Biomedical Imaging,Deep Learning,"Li, Jintao | Zhang, Lizhi | He, Xiaowei | He, Shuaishuai | Li, Shuangchen | Shi, Bo | Hou, Yuqing | Guo, Hongbo","Magnetic particle imaging (MPI) is an emerging medical imaging modality that enables highly sensitive visualization of magnetic nanoparticles with high temporal resolution. However, variations in magnetic particle materials and field-free point trajectories require repeated system matrix recalibration, which is time-consuming and limits the efficiency and flexibility of MPI in practical applications. To address this challenge, we propose a trajectory-aware cross-paradigm transformer (TACPT) for efficient and accurate SM calibration. Leveraging the trajectory-dependent distribution of SM signals relative to FFPs, we introduce a trajectory-based encoding mechanism that embeds physically grounded positional priors derived from FFP trajectories into the transformer backbone. This design guides the network to focus on trajectory-relevant and information-dense regions. To further accommodate the complex structure of SM data, we develop a cross-paradigm feature interaction module that integrates FFT-based inter-channel modeling with spatial structure learning. These complementary representations are adaptively fused through a dynamic sparsity-gated mechanism, suppressing redundant responses and producing compact, discriminative SM representations. Experimental results demonstrate superior SM calibration and MPI reconstruction performance over existing methods, while reducing recalibration overhead without compromising fidelity to improve MPI system efficiency and flexibility. The code is publicly available at https://github.com/learning-TL/TACPTnet.",ok,
VigilSAM3: Reinforcement-Optimized Memory Gating for Ultra-Long Surgical Video Segmentation,https://papers.miccai.org/miccai-2026/1131-Paper1296.html,https://papers.miccai.org/miccai-2026/paper/1296_paper.pdf,,Agent,Vasculature,Image Segmentation,Reinforcement Learning / Control / Decision-Making,"Yao, Xincheng | Yang, Yijun | Song, Zhuojin | Guo, Kangwei | Tao, Haisu | Yang, Jian | Zhu, Lei","Laparoscopic hepatectomy demands real-time identification of critical vascular structures, including Glisson’s pedicle, hepatic veins, and transient bleeding points, to enable pre-emptive vessel clamping and prevent life-threatening haemorrhage. These targets are frequently obscured and deformable, and in ultra-long procedures spanning thousands of frames they further suffer extreme scale imbalance and intermittent visibility, making memory-based propagation prone to temporal drift where a single corrupted entry cascades forward irreversibly. Memory-based propagation dominates long-range video segmentation, yet existing methods treat all predictions equally when updating the memory. Moreover, efficient intraoperative guidance demands minimal surgeon-model interaction, making autonomous quality control indispensable. We present VigilSAM3, built on SAM3’s dual-system architecture, which introduces a hierarchical memory firewall that guards memory quality at pixel, class, and frame levels. A causal-Transformer scheduling agent selects among Trust, Correct, and Reset actions, with its policy refined via Group Relative Policy Optimization (GRPO) using class-aware rewards. We further introduce Hepa-Vein, the first multi-class large-scale hepatectomy surgical video semantic segmentation dataset. Experiments on Hepa-Vein and DSAD demonstrate state-of-the-art performance, with pronounced gains on small, transient vascular structures.",ok,
Wrist Camera Pose-Guided Multi-view Fusion for Occlusion Reconstruction in Robot-Assisted Microsurgical Anastomosis,https://papers.miccai.org/miccai-2026/1162-Paper3592.html,https://papers.miccai.org/miccai-2026/paper/3592_paper.pdf,,reconstruction,Vasculature,Image Reconstruction; Image Segmentation; Medical Robotics,Deep Learning,"Zhou, Xinyao | Liu, Yuxuan | Luo, Yating | Luan, Yunfei | Yang, Guang-Zhong | Guo, Yao","Precise visual perception is a cornerstone of safety and efficacy in embodied robot-assisted surgery. However, the intricate operations of microsurgical anastomosis are often plagued by severe occlusions of frequent instrument-tissue interactions, which severely hinder the visibility of micro-scale structures like suturing threads. To mitigate this challenge, we introduce the Camera Pose-Guided Geometry-Aware Transformer, a novel framework for occlusion-aware reconstruction by leveraging a wrist-mounted camera configuration for surgical robots. Specifically, we curate a multi-view dataset with well-calibrated wrist camera poses. By introducing an implicit camera pose encoding mechanism, our proposed method effectively fuses geometric priors into the framework, facilitating robust cross-view alignment and feature aggregation. Furthermore, our architecture exhibits superior robustness to diverse occlusion ratios and numbers of multi-view inputs, enabling reconstruction with complementary wrist perspectives. Our method establishes a new multi-view benchmark for suturing thread recognition in microsurgical anastomosis and significantly outperforms the current state-of-the-art approaches. This work emphasises the importance of the wrist-camera pose in multi-view fusion, providing a transformative approach to occlusion recovery and fine-grained visual perception for surgical robotics.",ok,
