paper_url,title,original_modalities,retained_modality,original_code_url,code_url,link_source,link_type,source_file,source_row,public_access_status,http_status,resolved_url,checked_at_utc,check_error,artifact_url,artifact_name,access_type,project_code_link_status,access_note,evidence_location,reviewed_on
https://papers.miccai.org/miccai-2026/0055-Paper2633.html,Anatomy-Aware Prediction of Bronchoscopic Accessibility from 3D CT,CT-XRay,CT-XRay,https://nubagcilab.github.io/BronchoAccess/,https://nubagcilab.github.io/BronchoAccess/,code_url_field,project_page,Published_papers/CT-XRay/papers_links.csv,19,accessible,200,https://nubagcilab.github.io/BronchoAccess/,2026-10-01T15:30:49+00:00,,https://nubagcilab.github.io/BronchoAccess/,BronchoAccess,Project website,linked,Links labelled Code and HuggingFace; resource downloads not checked,Header resource links,2026-10-02
https://papers.miccai.org/miccai-2026/0095-Paper2389.html,Benchmarking Pathology Foundation Models for Spatial Domain Understanding,Histology,Histology,https://bokai-zhao.github.io/SpaPath-benchboard/,https://bokai-zhao.github.io/SpaPath-benchboard/,code_url_field,project_page,Published_papers/Histology/papers_links.csv,8,accessible,200,https://bokai-zhao.github.io/SpaPath-benchboard/,2026-10-01T15:30:52+00:00,,https://bokai-zhao.github.io/SpaPath-benchboard/,SpaPath benchmark dashboard,Project website,not_identified,No code-labelled resource link identified in the public HTML scan; dashboard resource availability unconfirmed,Public HTML anchor scan,2026-10-02
https://papers.miccai.org/miccai-2026/0234-Paper6594.html,Curia-2: Scaling Self-Supervised Learning for Radiology Foundation Models,CT-XRay | MRI,CT-XRay,https://huggingface.co/raidium/curia-2,https://huggingface.co/raidium/curia-2,code_url_field,model_or_dataset_hub,Published_papers/CT-XRay/papers_links.csv,69,accessible,200,https://huggingface.co/raidium/curia-2,2026-10-01T15:31:08+00:00,,https://huggingface.co/raidium/curia-2,Curia-2,Model hub,not_applicable,Model card visible; file access requires login and accepting conditions; research-only license,Model access notice and license,2026-10-02
https://papers.miccai.org/miccai-2026/0332-Paper1265.html,EchoPilot: Training-Free Ultrasound Video Segmentation via Scale-Space Semantic Prompting and Reliability-Gated Memory,ultrasounds,ultrasounds,https://keeplearning-again.github.io/EchoPilot/,https://keeplearning-again.github.io/EchoPilot/,code_url_field,project_page,Published_papers/ultrasounds/papers_links.csv,28,accessible,200,https://keeplearning-again.github.io/EchoPilot/,2026-10-01T15:31:19+00:00,,https://keeplearning-again.github.io/EchoPilot/,EchoPilot,Project website,linked,Project page links to Code; no repository content inspection,Header Code link,2026-10-02
https://papers.miccai.org/miccai-2026/0345-Paper1921.html,End2Reg: Learning Task-Specific Segmentation for Markerless Registration in Spine Surgery,CT-XRay | MRI | Others,CT-XRay,https://lorenzopettinari.github.io/end-2-reg/,https://lorenzopettinari.github.io/end-2-reg/,code_url_field,project_page,Published_papers/CT-XRay/papers_links.csv,108,accessible,200,https://lorenzopettinari.github.io/end-2-reg/,2026-10-01T15:31:20+00:00,,https://lorenzopettinari.github.io/end-2-reg/,End2Reg,Project website,linked,Links to Code and SpineDepth/SpineAlign datasets; downloads not checked,Header resource links,2026-10-02
https://papers.miccai.org/miccai-2026/0370-Paper4959.html,Fairness Beyond Demographics: Optimizing Performance Across Appearance-Based Hidden Cohorts in Medical Imaging,CT-XRay,CT-XRay,https://miladmasroor.github.io/lhcf-project-page/,https://miladmasroor.github.io/lhcf-project-page/,code_url_field,project_page,Published_papers/CT-XRay/papers_links.csv,113,accessible,200,https://miladmasroor.github.io/lhcf-project-page/,2026-10-01T15:31:23+00:00,,https://miladmasroor.github.io/lhcf-project-page/,LHCF fairness project,Project website,coming_soon,Code labelled Coming Soon points to a placeholder anchor,Code (Coming Soon) anchor,2026-10-02
https://papers.miccai.org/miccai-2026/0624-Paper2453.html,Measuring What VLMs Don’t Say: Validation Metrics Hide Clinical Terminology Erasure in Radiology Report Generation,CT-XRay,CT-XRay,https://pypi.org/project/clinical-cad/,https://pypi.org/project/clinical-cad/,code_url_field,package_index,Published_papers/CT-XRay/papers_links.csv,195,accessible,200,https://pypi.org/project/clinical-cad/,2026-10-01T15:34:51+00:00,,https://pypi.org/project/clinical-cad/,clinical-cad,Installable package,not_applicable,PyPI package provides installation instructions and release files; also links to a source repository; package not installed,Installation and project links,2026-10-02
https://papers.miccai.org/miccai-2026/0953-Paper3358.html,Shape-Aware Registration Without Pretraining: CT-Ultrasound Bone Surface Alignment via Instance-Level Shape Completion,ultrasounds,ultrasounds,https://comreg-page.github.io/,https://comreg-page.github.io/,code_url_field,project_page,Published_papers/ultrasounds/papers_links.csv,78,accessible,200,https://comreg-page.github.io/,2026-10-01T15:35:27+00:00,,https://comreg-page.github.io/,ComReg,Project website,linked,Code link points to https://github.com/luohwu/ComReg; destination contents not inspected,Public HTML Code anchor,2026-10-02
https://papers.miccai.org/miccai-2026/0966-Paper3761.html,Skill-Evolving Grounded Reasoning for Free-Text Promptable 3D Medical Image Segmentation,CT-XRay | MRI,CT-XRay,https://seer-medseg.github.io/,https://seer-medseg.github.io/,code_url_field,project_page,Published_papers/CT-XRay/papers_links.csv,306,accessible,200,https://seer-medseg.github.io/,2026-10-01T15:35:29+00:00,,https://seer-medseg.github.io/,SEER,Project website,linked,Links labelled Code and Model & Data; file accessibility not checked,Header resource links,2026-10-02
https://papers.miccai.org/miccai-2026/0969-Paper3442.html,SlideGuard: WSI Artifact Detection Benchmark,Histology,Histology,https://www.codabench.org/competitions/16457/,https://www.codabench.org/competitions/16457/,code_url_field,benchmark_platform,Published_papers/Histology/papers_links.csv,88,accessible,200,https://www.codabench.org/competitions/16457/,2026-10-01T15:35:29+00:00,,https://www.codabench.org/competitions/16457/,SlideGuard,Benchmark portal,not_applicable,Codabench competition URL from index; browser returned unrelated text so competition contents and resources remain unverified,URL structure and inconclusive browser response,2026-10-02
https://papers.miccai.org/miccai-2026/1023-Paper2681.html,SWoMo: Neuro-Symbolic World Model for Cataract Surgery Simulation,Computational_imagings | Photo_video,Computational_imagings,https://ssharvienkumar.github.io/SWoMo/,https://ssharvienkumar.github.io/SWoMo/,code_url_field,project_page,Published_papers/Computational_imagings/papers_links.csv,18,accessible,200,https://ssharvienkumar.github.io/SWoMo/,2026-10-01T15:35:35+00:00,,https://ssharvienkumar.github.io/SWoMo/,SWoMo,Project website,linked,Links to SWoMo/IntrekSAM code and HuggingFace; resource contents not inspected,Header resource links,2026-10-02
https://papers.miccai.org/miccai-2026/1024-Paper4114.html,SymmDiff: Symmetry-Guided Diffusion for Fracture Localization in Pelvic Radiographs,CT-XRay,CT-XRay,https://itsabdulrahman.github.io/symmdiff/,https://itsabdulrahman.github.io/symmdiff/,code_url_field,project_page,Published_papers/CT-XRay/papers_links.csv,322,accessible,200,https://itsabdulrahman.github.io/symmdiff/,2026-10-01T15:35:35+00:00,,https://itsabdulrahman.github.io/symmdiff/,SymmDiff,Project website,linked,Code link points to https://github.com/itsabdulrahman/symmdiff; destination contents not inspected,Public HTML Code anchor,2026-10-02
https://papers.miccai.org/miccai-2026/1060-Paper4415.html,Time-Grounded Clinical Prediction from Longitudinal Multimodal Patient Histories,CT-XRay | EHR,CT-XRay,https://huggingface.co/datasets/wanqi16/MIMIC-MTE,https://huggingface.co/datasets/wanqi16/MIMIC-MTE,code_url_field,model_or_dataset_hub,Published_papers/CT-XRay/papers_links.csv,342,accessible,200,https://huggingface.co/datasets/wanqi16/MIMIC-MTE,2026-10-01T15:35:39+00:00,,https://huggingface.co/datasets/wanqi16/MIMIC-MTE,MIMIC-MTE,Dataset hub,not_applicable,Dataset page visible; README empty and viewer reports no supported data files; released usable dataset not established,Dataset card and viewer notice,2026-10-02
https://papers.miccai.org/miccai-2026/1083-Paper2834.html,Track2Map: Online Deformable SLAM with Motion-Aware Pose Optimization in Robotic Surgery,Endoscopy | Robotics,Endoscopy,https://track2map.github.io/,https://track2map.github.io/,code_url_field,project_page,Published_papers/Endoscopy/papers_links.csv,76,accessible,200,https://track2map.github.io/,2026-10-01T15:35:42+00:00,,https://track2map.github.io/,Track2Map,Project website,linked,Links to Code and a demonstration video; video not downloaded,Header Code link and Demo section,2026-10-02
https://papers.miccai.org/miccai-2026/1108-Paper1178.html,UniCT: A Unified Joint Multi-Task Framework for 3D Chest CT Abnormality Analysis,CT-XRay,CT-XRay,https://theodpzz.github.io/projects/unict/,https://theodpzz.github.io/projects/unict/,code_url_field,project_page,Published_papers/CT-XRay/papers_links.csv,355,accessible,200,https://theodpzz.github.io/projects/unict/,2026-10-01T15:35:45+00:00,,https://theodpzz.github.io/projects/unict/,UniCT,Project website,linked,Links to Code and Data; public benchmark references are not necessarily newly released datasets,Header resource links,2026-10-02
https://papers.miccai.org/miccai-2026/1130-Paper3913.html,VesselSim: learning 3D blood vessel segmentation without expert annotations,CT-XRay | Computational_imagings | MRI,CT-XRay,https://healthx-lab.github.io/VesselSim,https://healthx-lab.github.io/VesselSim,code_url_field,project_page,Published_papers/CT-XRay/papers_links.csv,362,accessible,200,https://healthx-lab.github.io/VesselSim/,2026-10-01T15:35:48+00:00,,https://healthx-lab.github.io/VesselSim,VesselSim,Project website,linked,Links to generated data on OSF and generation code; downloads not checked,Introductory resource paragraph,2026-10-02
